{"schemaVersion":"1.0","appDefinitionTemplate":{"id":"/providers/Microsoft.PowerApps/apps/","type":"Microsoft.PowerApps/apps","tags":{"primaryDeviceWidth":"1366","primaryDeviceHeight":"768","sienaVersion":"20200729T122023Z-3.20071.24.0","deviceCapabilities":"","supportsPortrait":"false","supportsLandscape":"true","primaryFormFactor":"Tablet","publisherVersion":"3.20071.24","minimumRequiredApiVersion":"2.2.0","hasComponent":"false","hasUnlockedComponent":"false","isUnifiedRootApp":"false"},"properties":{"appVersion":"2020-07-29T12:20:23Z","lifeCycleId":"Published","createdByClientVersion":{"major":3,"minor":20071,"build":24,"revision":0,"majorRevision":0,"minorRevision":0},"minClientVersion":{"major":3,"minor":20071,"build":24,"revision":0,"majorRevision":0,"minorRevision":0},"backgroundColor":"rgba(0, 176, 240, 1)","backgroundImageUri":"/15817227487627820428/N3a111e3e-e722-4479-b467-aa0b6d508b6a-logoSmallFile","displayName":"GC3 Effective Communication in Power Apps DEMO","description":"","commitMessage":"","appUris":{"documentUri":{"value":"/15817227487627820428/N40b85b0b-7c1d-4d54-b7af-2bba12fe4217-document.msapp","readonlyValue":"/15817227487627820428/N40b85b0b-7c1d-4d54-b7af-2bba12fe4217-document.msapp"},"imageUris":[]},"createdTime":"0001-01-01T00:00:00Z","lastModifiedTime":"0001-01-01T00:00:00Z","sharedGroupsCount":0,"sharedUsersCount":0,"icons":{"smallIconUri":"/15817227487627820428/N1d52f8d6-fa1c-49be-8f08-834de6a25c51-small.png","mediumIconUri":"/15817227487627820428/N5578d0b1-200d-4928-8a70-6b2787e790cf-medium.png","largeIconUri":"/15817227487627820428/Nc09c1b52-3b27-4939-9c7d-408772b0e06e-large.png","wideIconUri":"/15817227487627820428/N9c7ae76e-d911-4fa1-a146-e738f33c2e1d-wide.png"},"connectionReferences":{},"databaseReferences":{},"almMode":"Environment","performanceOptimizationEnabled":true,"canConsumeAppPass":true},"isAppComponentLibrary":false,"appType":"ClassicCanvasApp","appComponents":[]}}